1,Catálogo Unidades CUUMSP,DPM,Mensual,2026-08-31,2026,8,Agosto,,
2,Catálogo Infraestructura IFU,DPM,Mensual,2026-08-31,2026,8,Agosto,,
3,"Población (proy. población, ISSSTE, etc.)",CONAPO / ISSSTE,Anual,,2026,12,Diciembre,,
4,Datos Generales,DIR,Mensual,2026-08-31,2026,8,Agosto,,
5,PTI,DIR,Mensual,2026-08-31,2026,8,Agosto,,mayo 2019 - agosto 2026
6,PTH,DIR,Mensual,2026-08-31,2026,8,Agosto,,mayo 2019 - agosto 2026
7,DTPD,DIR,Mensual,2026-08-31,2026,8,Agosto,,mayo 2019 - agosto 2026
8,Infraestructura médica IMSS y Coplamar,DPM / Coplamar,Mensual,2026-08-31,2026,8,Agosto,,
9,Capacidad Médica Instalada,DPM,Mensual,2026-08-31,2026,8,Enero,,
10,Equipo relevante,DPM,Mensual,,2026,8,Enero,,
11,Unidades de Lunes - Viernes,DPM,Mensual,2026-09-13,2026,9,Septiembre,38,
12,Unidades tiempo completo (UMTC),DPM,Mensual,2026-09-13,2026,9,Septiembre,38,
13,Draft,DPTI,Anual,,2026,3,Marzo,,
14,Metas. Cirugías,DPM,Mensual,2026-09-13,2026,9,Septiembre,38,
15,Metas. Especialidad,DPM,Mensual,2026-09-13,2026,9,Septiembre,38,
16,Metas. Medicina Familiar,DPM,Mensual,2026-09-13,2026,9,Septiembre,38,
17,Metas. Resumen,DPM,Mensual,2026-09-13,2026,9,Septiembre,38,
18,Lista de Espera - Top Cirugías,DPM,Al día,2026-10-06,2026,10,Octubre,,
19,Lista de Espera - Top Especialidades,DPM,Al día,2026-10-06,2026,10,Octubre,,
20,Personal – Por categoría,DA / SIO Personal,Quincenal,2026-09-15,2026,9,Septiembre,,